{"cameraMode":{"drawMode":0,"name":"Shaded","section":"Shading Mode"},"sceneLighting":true,"audioPlay":false,"sceneViewState":{"m_AlwaysRefresh":false,"showFog":true,"showSkybox":true,"showFlares":true,"showImageEffects":true,"showParticleSystems":true,"showVisualEffectGraphs":true,"m_FxEnabled":true},"in2DMode":false,"pivot":{"x":0.06919682025909424,"y":0.11815708875656128,"z":-7.299808025360107},"rotation":{"x":-0.18307200074195863,"y":0.4350152313709259,"z":-0.09081617742776871,"w":-0.8769263029098511},"size":2.501816511154175,"orthographic":false}